Workbook
Name GrossTransactions: Transactions!$E$2:$E$2001

Sheet Dashboard
A1: COMPAT-LARGE-CALC
A3: Gross total | B3: =SUM(Transactions!E2:E2001) -> 179812
B4: =COUNTA(Transactions!A2:A2001) -> 2000
A7: First ten transactions

Sheet Transactions
A1: ID | B1: Region | C1: Quantity | D1: Price | E1: Gross | F1: WithTax
A2: TXN-00001 | B2: North | C2: 2 | D2: 11 | E2: =C2*D2 -> 22 | F2: =E2*(1+TaxRates!$B$2) -> 23.32
A3: TXN-00002 | B3: West | C3: 3 | D3: 12 | E3: =C3*D3 -> 36 | F3: =E3*(1+TaxRates!$B$2) -> 38.16
A4: TXN-00003 | B4: 江南 | C4: 4 | D4: 13 | E4: =C4*D4 -> 52 | F4: =E4*(1+TaxRates!$B$2) -> 55.12
A5: TXN-00004 | B5: North | C5: 5 | D5: 14 | E5: =C5*D5 -> 70 | F5: =E5*(1+TaxRates!$B$2) -> 74.2
A6: TXN-00005 | B6: West | C6: 6 | D6: 15 | E6: =C6*D6 -> 90 | F6: =E6*(1+TaxRates!$B$2) -> 95.4
A7: TXN-00006 | B7: 江南 | C7: 7 | D7: 16 | E7: =C7*D7 -> 112 | F7: =E7*(1+TaxRates!$B$2) -> 118.72
A8: TXN-00007 | B8: North | C8: 8 | D8: 17 | E8: =C8*D8 -> 136 | F8: =E8*(1+TaxRates!$B$2) -> 144.16
A9: TXN-00008 | B9: West | C9: 9 | D9: 18 | E9: =C9*D9 -> 162 | F9: =E9*(1+TaxRates!$B$2) -> 171.72
A10: TXN-00009 | B10: 江南 | C10: 1 | D10: 19 | E10: =C10*D10 -> 19 | F10: =E10*(1+TaxRates!$B$2) -> 20.14
A11: TXN-00010 | B11: North | C11: 2 | D11: 20 | E11: =C11*D11 -> 40 | F11: =E11*(1+TaxRates!$B$2) -> 42.4
A12: TXN-00011 | B12: West | C12: 3 | D12: 21 | E12: =C12*D12 -> 63 | F12: =E12*(1+TaxRates!$B$2) -> 66.78
A13: TXN-00012 | B13: 江南 | C13: 4 | D13: 22 | E13: =C13*D13 -> 88 | F13: =E13*(1+TaxRates!$B$2) -> 93.28
... A2001: TXN-02000 | B2001: West | C2001: 3 | D2001: 21 | E2001: =C2001*D2001 -> 63 | F2001: =E2001*(1+TaxRates!$B$2) -> 66.78

Sheet TaxRates
A1: Jurisdiction | B1: Rate
A2: Local | B2: 0.06

Sheet HiddenCalc
A1: LARGE-HIDDEN-SENTINEL
